bridge_id,annotation_id,subject_submission_number,anchor_document_submission_number,anchor_purpose,source_url,source_record_ids,document_sha256,text_sha256,physical_page,normalized_char_start,normalized_char_end,quote_sha256,normalized_quote_sha256,normalized_quote_characters
BRIDGEcac9494c5d11e98b,K210645:component_status,K210645,K210645,SUBJECT_TO_ASSOCIATED_SOURCE_BRIDGE,https://www.accessdata.fda.gov/cdrh_docs/pdf21/K210645.pdf,SRC02291,b30d02ffe7adcaf4405462ab6ccd003fa2da516007e9fb32c00a406072d5d332,17d0c35e85098d61c97c191d20a1a83bb32180c68de67f01693b0ed0428d03db,4,930,983,1a3eac5175d868dad25d8c97cfe65b091d31717cacc0f967f3eff1622322e05c,1a3eac5175d868dad25d8c97cfe65b091d31717cacc0f967f3eff1622322e05c,53
BRIDGEbbcc71b6cbd5a360,K210645:component_status,K210645,K210645,SUBJECT_TO_ASSOCIATED_SOURCE_BRIDGE,https://www.accessdata.fda.gov/cdrh_docs/pdf21/K210645.pdf,SRC02291,b30d02ffe7adcaf4405462ab6ccd003fa2da516007e9fb32c00a406072d5d332,17d0c35e85098d61c97c191d20a1a83bb32180c68de67f01693b0ed0428d03db,5,3481,3570,54a33f317336c60091f03ed0c221ea39075f4aab1a4562c9c6ed2ddb7c14bb34,54a33f317336c60091f03ed0c221ea39075f4aab1a4562c9c6ed2ddb7c14bb34,89
BRIDGEe1478c740169c799,K210645:input,K210645,K210645,SUBJECT_TO_ASSOCIATED_SOURCE_BRIDGE,https://www.accessdata.fda.gov/cdrh_docs/pdf21/K210645.pdf,SRC02291,b30d02ffe7adcaf4405462ab6ccd003fa2da516007e9fb32c00a406072d5d332,17d0c35e85098d61c97c191d20a1a83bb32180c68de67f01693b0ed0428d03db,4,930,983,1a3eac5175d868dad25d8c97cfe65b091d31717cacc0f967f3eff1622322e05c,1a3eac5175d868dad25d8c97cfe65b091d31717cacc0f967f3eff1622322e05c,53
BRIDGE0f5ccce1373842c4,K210645:input,K210645,K210645,SUBJECT_TO_ASSOCIATED_SOURCE_BRIDGE,https://www.accessdata.fda.gov/cdrh_docs/pdf21/K210645.pdf,SRC02291,b30d02ffe7adcaf4405462ab6ccd003fa2da516007e9fb32c00a406072d5d332,17d0c35e85098d61c97c191d20a1a83bb32180c68de67f01693b0ed0428d03db,5,3481,3570,54a33f317336c60091f03ed0c221ea39075f4aab1a4562c9c6ed2ddb7c14bb34,54a33f317336c60091f03ed0c221ea39075f4aab1a4562c9c6ed2ddb7c14bb34,89
BRIDGE58302306dfc876c3,K210645:output,K210645,K210645,SUBJECT_TO_ASSOCIATED_SOURCE_BRIDGE,https://www.accessdata.fda.gov/cdrh_docs/pdf21/K210645.pdf,SRC02291,b30d02ffe7adcaf4405462ab6ccd003fa2da516007e9fb32c00a406072d5d332,17d0c35e85098d61c97c191d20a1a83bb32180c68de67f01693b0ed0428d03db,4,930,983,1a3eac5175d868dad25d8c97cfe65b091d31717cacc0f967f3eff1622322e05c,1a3eac5175d868dad25d8c97cfe65b091d31717cacc0f967f3eff1622322e05c,53
BRIDGEdbf309ac78a5532e,K210645:output,K210645,K210645,SUBJECT_TO_ASSOCIATED_SOURCE_BRIDGE,https://www.accessdata.fda.gov/cdrh_docs/pdf21/K210645.pdf,SRC02291,b30d02ffe7adcaf4405462ab6ccd003fa2da516007e9fb32c00a406072d5d332,17d0c35e85098d61c97c191d20a1a83bb32180c68de67f01693b0ed0428d03db,5,3481,3570,54a33f317336c60091f03ed0c221ea39075f4aab1a4562c9c6ed2ddb7c14bb34,54a33f317336c60091f03ed0c221ea39075f4aab1a4562c9c6ed2ddb7c14bb34,89
BRIDGE2d4e439466c2da7a,K210645:user,K210645,K210645,SUBJECT_TO_ASSOCIATED_SOURCE_BRIDGE,https://www.accessdata.fda.gov/cdrh_docs/pdf21/K210645.pdf,SRC02291,b30d02ffe7adcaf4405462ab6ccd003fa2da516007e9fb32c00a406072d5d332,17d0c35e85098d61c97c191d20a1a83bb32180c68de67f01693b0ed0428d03db,4,930,983,1a3eac5175d868dad25d8c97cfe65b091d31717cacc0f967f3eff1622322e05c,1a3eac5175d868dad25d8c97cfe65b091d31717cacc0f967f3eff1622322e05c,53
BRIDGEb8a89d452b6c9c55,K210645:user,K210645,K210645,SUBJECT_TO_ASSOCIATED_SOURCE_BRIDGE,https://www.accessdata.fda.gov/cdrh_docs/pdf21/K210645.pdf,SRC02291,b30d02ffe7adcaf4405462ab6ccd003fa2da516007e9fb32c00a406072d5d332,17d0c35e85098d61c97c191d20a1a83bb32180c68de67f01693b0ed0428d03db,5,3481,3570,54a33f317336c60091f03ed0c221ea39075f4aab1a4562c9c6ed2ddb7c14bb34,54a33f317336c60091f03ed0c221ea39075f4aab1a4562c9c6ed2ddb7c14bb34,89
BRIDGEbc405c74a8064615,K211867:component_status,K211867,K210645,INTERMEDIATE_SOURCE_CHAIN_BRIDGE,https://www.accessdata.fda.gov/cdrh_docs/pdf21/K210645.pdf,SRC02291,b30d02ffe7adcaf4405462ab6ccd003fa2da516007e9fb32c00a406072d5d332,17d0c35e85098d61c97c191d20a1a83bb32180c68de67f01693b0ed0428d03db,4,930,983,1a3eac5175d868dad25d8c97cfe65b091d31717cacc0f967f3eff1622322e05c,1a3eac5175d868dad25d8c97cfe65b091d31717cacc0f967f3eff1622322e05c,53
BRIDGEbd3812c020343674,K211867:component_status,K211867,K210645,INTERMEDIATE_SOURCE_CHAIN_BRIDGE,https://www.accessdata.fda.gov/cdrh_docs/pdf21/K210645.pdf,SRC02291,b30d02ffe7adcaf4405462ab6ccd003fa2da516007e9fb32c00a406072d5d332,17d0c35e85098d61c97c191d20a1a83bb32180c68de67f01693b0ed0428d03db,5,3481,3570,54a33f317336c60091f03ed0c221ea39075f4aab1a4562c9c6ed2ddb7c14bb34,54a33f317336c60091f03ed0c221ea39075f4aab1a4562c9c6ed2ddb7c14bb34,89
BRIDGE5d8cc5118261ca2a,K211867:component_status,K211867,K211867,SUBJECT_TO_ASSOCIATED_SOURCE_BRIDGE,https://www.accessdata.fda.gov/cdrh_docs/pdf21/K211867.pdf,SRC02241,381276da0f0fcf94718caa8d7873cf62eb9618cd23b08d8cb21f72f2d9624fb3,186abe47d4f1f3b9e710f0bba1c5678fee6cc200bd4935a6e2c3b15867c64054,6,904,949,87b03479a2f791f21b93936120d56635eb40b5cc1820aa2fe85c58a75fc850e9,87b03479a2f791f21b93936120d56635eb40b5cc1820aa2fe85c58a75fc850e9,45
BRIDGEf83c0a4963f0bbde,K211867:component_status,K211867,K211867,SUBJECT_TO_ASSOCIATED_SOURCE_BRIDGE,https://www.accessdata.fda.gov/cdrh_docs/pdf21/K211867.pdf,SRC02241,381276da0f0fcf94718caa8d7873cf62eb9618cd23b08d8cb21f72f2d9624fb3,186abe47d4f1f3b9e710f0bba1c5678fee6cc200bd4935a6e2c3b15867c64054,7,1406,1487,8d38cb9a6fb3c859828189ce1b83534371d40eb3b4c2d346c5eb62dad6ced30e,8d38cb9a6fb3c859828189ce1b83534371d40eb3b4c2d346c5eb62dad6ced30e,81
BRIDGE07fddba7794dae49,K211867:input,K211867,K210645,INTERMEDIATE_SOURCE_CHAIN_BRIDGE,https://www.accessdata.fda.gov/cdrh_docs/pdf21/K210645.pdf,SRC02291,b30d02ffe7adcaf4405462ab6ccd003fa2da516007e9fb32c00a406072d5d332,17d0c35e85098d61c97c191d20a1a83bb32180c68de67f01693b0ed0428d03db,4,930,983,1a3eac5175d868dad25d8c97cfe65b091d31717cacc0f967f3eff1622322e05c,1a3eac5175d868dad25d8c97cfe65b091d31717cacc0f967f3eff1622322e05c,53
BRIDGEa50a68c6ddab9587,K211867:input,K211867,K210645,INTERMEDIATE_SOURCE_CHAIN_BRIDGE,https://www.accessdata.fda.gov/cdrh_docs/pdf21/K210645.pdf,SRC02291,b30d02ffe7adcaf4405462ab6ccd003fa2da516007e9fb32c00a406072d5d332,17d0c35e85098d61c97c191d20a1a83bb32180c68de67f01693b0ed0428d03db,5,3481,3570,54a33f317336c60091f03ed0c221ea39075f4aab1a4562c9c6ed2ddb7c14bb34,54a33f317336c60091f03ed0c221ea39075f4aab1a4562c9c6ed2ddb7c14bb34,89
BRIDGE488f03297d6ac5b5,K211867:input,K211867,K211867,SUBJECT_TO_ASSOCIATED_SOURCE_BRIDGE,https://www.accessdata.fda.gov/cdrh_docs/pdf21/K211867.pdf,SRC02241,381276da0f0fcf94718caa8d7873cf62eb9618cd23b08d8cb21f72f2d9624fb3,186abe47d4f1f3b9e710f0bba1c5678fee6cc200bd4935a6e2c3b15867c64054,6,904,949,87b03479a2f791f21b93936120d56635eb40b5cc1820aa2fe85c58a75fc850e9,87b03479a2f791f21b93936120d56635eb40b5cc1820aa2fe85c58a75fc850e9,45
BRIDGE52b9e4bff58d62a7,K211867:input,K211867,K211867,SUBJECT_TO_ASSOCIATED_SOURCE_BRIDGE,https://www.accessdata.fda.gov/cdrh_docs/pdf21/K211867.pdf,SRC02241,381276da0f0fcf94718caa8d7873cf62eb9618cd23b08d8cb21f72f2d9624fb3,186abe47d4f1f3b9e710f0bba1c5678fee6cc200bd4935a6e2c3b15867c64054,7,1406,1487,8d38cb9a6fb3c859828189ce1b83534371d40eb3b4c2d346c5eb62dad6ced30e,8d38cb9a6fb3c859828189ce1b83534371d40eb3b4c2d346c5eb62dad6ced30e,81
BRIDGEca48cc073eca3781,K211867:output,K211867,K210645,INTERMEDIATE_SOURCE_CHAIN_BRIDGE,https://www.accessdata.fda.gov/cdrh_docs/pdf21/K210645.pdf,SRC02291,b30d02ffe7adcaf4405462ab6ccd003fa2da516007e9fb32c00a406072d5d332,17d0c35e85098d61c97c191d20a1a83bb32180c68de67f01693b0ed0428d03db,4,930,983,1a3eac5175d868dad25d8c97cfe65b091d31717cacc0f967f3eff1622322e05c,1a3eac5175d868dad25d8c97cfe65b091d31717cacc0f967f3eff1622322e05c,53
BRIDGE084870585255366e,K211867:output,K211867,K210645,INTERMEDIATE_SOURCE_CHAIN_BRIDGE,https://www.accessdata.fda.gov/cdrh_docs/pdf21/K210645.pdf,SRC02291,b30d02ffe7adcaf4405462ab6ccd003fa2da516007e9fb32c00a406072d5d332,17d0c35e85098d61c97c191d20a1a83bb32180c68de67f01693b0ed0428d03db,5,3481,3570,54a33f317336c60091f03ed0c221ea39075f4aab1a4562c9c6ed2ddb7c14bb34,54a33f317336c60091f03ed0c221ea39075f4aab1a4562c9c6ed2ddb7c14bb34,89
BRIDGEc422bf5e0440a11f,K211867:output,K211867,K211867,SUBJECT_TO_ASSOCIATED_SOURCE_BRIDGE,https://www.accessdata.fda.gov/cdrh_docs/pdf21/K211867.pdf,SRC02241,381276da0f0fcf94718caa8d7873cf62eb9618cd23b08d8cb21f72f2d9624fb3,186abe47d4f1f3b9e710f0bba1c5678fee6cc200bd4935a6e2c3b15867c64054,6,904,949,87b03479a2f791f21b93936120d56635eb40b5cc1820aa2fe85c58a75fc850e9,87b03479a2f791f21b93936120d56635eb40b5cc1820aa2fe85c58a75fc850e9,45
BRIDGEcf2d2c80b55612ae,K211867:output,K211867,K211867,SUBJECT_TO_ASSOCIATED_SOURCE_BRIDGE,https://www.accessdata.fda.gov/cdrh_docs/pdf21/K211867.pdf,SRC02241,381276da0f0fcf94718caa8d7873cf62eb9618cd23b08d8cb21f72f2d9624fb3,186abe47d4f1f3b9e710f0bba1c5678fee6cc200bd4935a6e2c3b15867c64054,7,1406,1487,8d38cb9a6fb3c859828189ce1b83534371d40eb3b4c2d346c5eb62dad6ced30e,8d38cb9a6fb3c859828189ce1b83534371d40eb3b4c2d346c5eb62dad6ced30e,81
BRIDGE7c9e0424cbd45e2a,K211867:user,K211867,K210645,INTERMEDIATE_SOURCE_CHAIN_BRIDGE,https://www.accessdata.fda.gov/cdrh_docs/pdf21/K210645.pdf,SRC02291,b30d02ffe7adcaf4405462ab6ccd003fa2da516007e9fb32c00a406072d5d332,17d0c35e85098d61c97c191d20a1a83bb32180c68de67f01693b0ed0428d03db,4,930,983,1a3eac5175d868dad25d8c97cfe65b091d31717cacc0f967f3eff1622322e05c,1a3eac5175d868dad25d8c97cfe65b091d31717cacc0f967f3eff1622322e05c,53
BRIDGE0ae6f231eda30add,K211867:user,K211867,K210645,INTERMEDIATE_SOURCE_CHAIN_BRIDGE,https://www.accessdata.fda.gov/cdrh_docs/pdf21/K210645.pdf,SRC02291,b30d02ffe7adcaf4405462ab6ccd003fa2da516007e9fb32c00a406072d5d332,17d0c35e85098d61c97c191d20a1a83bb32180c68de67f01693b0ed0428d03db,5,3481,3570,54a33f317336c60091f03ed0c221ea39075f4aab1a4562c9c6ed2ddb7c14bb34,54a33f317336c60091f03ed0c221ea39075f4aab1a4562c9c6ed2ddb7c14bb34,89
BRIDGE5c5cd83000c90218,K211867:user,K211867,K211867,SUBJECT_TO_ASSOCIATED_SOURCE_BRIDGE,https://www.accessdata.fda.gov/cdrh_docs/pdf21/K211867.pdf,SRC02241,381276da0f0fcf94718caa8d7873cf62eb9618cd23b08d8cb21f72f2d9624fb3,186abe47d4f1f3b9e710f0bba1c5678fee6cc200bd4935a6e2c3b15867c64054,6,904,949,87b03479a2f791f21b93936120d56635eb40b5cc1820aa2fe85c58a75fc850e9,87b03479a2f791f21b93936120d56635eb40b5cc1820aa2fe85c58a75fc850e9,45
BRIDGE53ccf0c2c322c844,K211867:user,K211867,K211867,SUBJECT_TO_ASSOCIATED_SOURCE_BRIDGE,https://www.accessdata.fda.gov/cdrh_docs/pdf21/K211867.pdf,SRC02241,381276da0f0fcf94718caa8d7873cf62eb9618cd23b08d8cb21f72f2d9624fb3,186abe47d4f1f3b9e710f0bba1c5678fee6cc200bd4935a6e2c3b15867c64054,7,1406,1487,8d38cb9a6fb3c859828189ce1b83534371d40eb3b4c2d346c5eb62dad6ced30e,8d38cb9a6fb3c859828189ce1b83534371d40eb3b4c2d346c5eb62dad6ced30e,81
BRIDGEecb0031e8024f4a4,K213603:action,K213603,K213603,SUBJECT_TO_ASSOCIATED_SOURCE_BRIDGE,https://www.accessdata.fda.gov/cdrh_docs/pdf21/K213603.pdf,SRC02107,004a6c5d4aff57abda02423a3499fcef8544225c9caaea579d77755086bb3294,c787f37537074eb92f94ca871ab23793158d795c996ee541485c5ab2ddcac9c9,4,784,826,e16a9915f88402b44846ce8ee908e355315c3b1c2b06afa724dd4753aa9713ab,e16a9915f88402b44846ce8ee908e355315c3b1c2b06afa724dd4753aa9713ab,42
BRIDGE3c9bb03c937b0748,K213603:action,K213603,K213603,SUBJECT_TO_ASSOCIATED_SOURCE_BRIDGE,https://www.accessdata.fda.gov/cdrh_docs/pdf21/K213603.pdf,SRC02107,004a6c5d4aff57abda02423a3499fcef8544225c9caaea579d77755086bb3294,c787f37537074eb92f94ca871ab23793158d795c996ee541485c5ab2ddcac9c9,5,1689,1928,1a3f9278e80f62e7ced019fff97b26bcd6869eedefe5b557fe04d5165789c7b0,1a3f9278e80f62e7ced019fff97b26bcd6869eedefe5b557fe04d5165789c7b0,239
BRIDGE705e261bddc7610e,K213603:component_status,K213603,K213603,SUBJECT_TO_ASSOCIATED_SOURCE_BRIDGE,https://www.accessdata.fda.gov/cdrh_docs/pdf21/K213603.pdf,SRC02107,004a6c5d4aff57abda02423a3499fcef8544225c9caaea579d77755086bb3294,c787f37537074eb92f94ca871ab23793158d795c996ee541485c5ab2ddcac9c9,4,784,826,e16a9915f88402b44846ce8ee908e355315c3b1c2b06afa724dd4753aa9713ab,e16a9915f88402b44846ce8ee908e355315c3b1c2b06afa724dd4753aa9713ab,42
BRIDGE3aa0483e88ba2151,K213603:component_status,K213603,K213603,SUBJECT_TO_ASSOCIATED_SOURCE_BRIDGE,https://www.accessdata.fda.gov/cdrh_docs/pdf21/K213603.pdf,SRC02107,004a6c5d4aff57abda02423a3499fcef8544225c9caaea579d77755086bb3294,c787f37537074eb92f94ca871ab23793158d795c996ee541485c5ab2ddcac9c9,5,1689,1928,1a3f9278e80f62e7ced019fff97b26bcd6869eedefe5b557fe04d5165789c7b0,1a3f9278e80f62e7ced019fff97b26bcd6869eedefe5b557fe04d5165789c7b0,239
BRIDGEd36bdb5bfea04a68,K213603:input,K213603,K213603,SUBJECT_TO_ASSOCIATED_SOURCE_BRIDGE,https://www.accessdata.fda.gov/cdrh_docs/pdf21/K213603.pdf,SRC02107,004a6c5d4aff57abda02423a3499fcef8544225c9caaea579d77755086bb3294,c787f37537074eb92f94ca871ab23793158d795c996ee541485c5ab2ddcac9c9,4,784,826,e16a9915f88402b44846ce8ee908e355315c3b1c2b06afa724dd4753aa9713ab,e16a9915f88402b44846ce8ee908e355315c3b1c2b06afa724dd4753aa9713ab,42
BRIDGEfa01796f236f2aac,K213603:input,K213603,K213603,SUBJECT_TO_ASSOCIATED_SOURCE_BRIDGE,https://www.accessdata.fda.gov/cdrh_docs/pdf21/K213603.pdf,SRC02107,004a6c5d4aff57abda02423a3499fcef8544225c9caaea579d77755086bb3294,c787f37537074eb92f94ca871ab23793158d795c996ee541485c5ab2ddcac9c9,5,1689,1928,1a3f9278e80f62e7ced019fff97b26bcd6869eedefe5b557fe04d5165789c7b0,1a3f9278e80f62e7ced019fff97b26bcd6869eedefe5b557fe04d5165789c7b0,239
BRIDGEb69e36f89d4e0baa,K213603:output,K213603,K213603,SUBJECT_TO_ASSOCIATED_SOURCE_BRIDGE,https://www.accessdata.fda.gov/cdrh_docs/pdf21/K213603.pdf,SRC02107,004a6c5d4aff57abda02423a3499fcef8544225c9caaea579d77755086bb3294,c787f37537074eb92f94ca871ab23793158d795c996ee541485c5ab2ddcac9c9,4,784,826,e16a9915f88402b44846ce8ee908e355315c3b1c2b06afa724dd4753aa9713ab,e16a9915f88402b44846ce8ee908e355315c3b1c2b06afa724dd4753aa9713ab,42
BRIDGE6463e946d4528c23,K213603:output,K213603,K213603,SUBJECT_TO_ASSOCIATED_SOURCE_BRIDGE,https://www.accessdata.fda.gov/cdrh_docs/pdf21/K213603.pdf,SRC02107,004a6c5d4aff57abda02423a3499fcef8544225c9caaea579d77755086bb3294,c787f37537074eb92f94ca871ab23793158d795c996ee541485c5ab2ddcac9c9,5,1689,1928,1a3f9278e80f62e7ced019fff97b26bcd6869eedefe5b557fe04d5165789c7b0,1a3f9278e80f62e7ced019fff97b26bcd6869eedefe5b557fe04d5165789c7b0,239
BRIDGE1d10d5e4d4e2bdf9,K213603:user,K213603,K213603,SUBJECT_TO_ASSOCIATED_SOURCE_BRIDGE,https://www.accessdata.fda.gov/cdrh_docs/pdf21/K213603.pdf,SRC02107,004a6c5d4aff57abda02423a3499fcef8544225c9caaea579d77755086bb3294,c787f37537074eb92f94ca871ab23793158d795c996ee541485c5ab2ddcac9c9,4,784,826,e16a9915f88402b44846ce8ee908e355315c3b1c2b06afa724dd4753aa9713ab,e16a9915f88402b44846ce8ee908e355315c3b1c2b06afa724dd4753aa9713ab,42
BRIDGE9ab8c2fbf9f06c65,K213603:user,K213603,K213603,SUBJECT_TO_ASSOCIATED_SOURCE_BRIDGE,https://www.accessdata.fda.gov/cdrh_docs/pdf21/K213603.pdf,SRC02107,004a6c5d4aff57abda02423a3499fcef8544225c9caaea579d77755086bb3294,c787f37537074eb92f94ca871ab23793158d795c996ee541485c5ab2ddcac9c9,5,1689,1928,1a3f9278e80f62e7ced019fff97b26bcd6869eedefe5b557fe04d5165789c7b0,1a3f9278e80f62e7ced019fff97b26bcd6869eedefe5b557fe04d5165789c7b0,239
BRIDGEbd56fbc51fab026a,K213938:action,K213938,K213938,SUBJECT_TO_ASSOCIATED_SOURCE_BRIDGE,https://www.accessdata.fda.gov/cdrh_docs/pdf21/K213938.pdf,SRC02113,e142ed5ee63f9cfa1e1dd5747c1cc2489df032b86e58cf1deeabc85ebcc5e620,34ea542ed92c0992ab3b348b0f94cd6002fa00e4d226d8c54b2a6e1c64d88d91,6,1270,1459,51894f0f2f03f285b8de778381276535b0c4639365701931ee815982a0a0a60a,51894f0f2f03f285b8de778381276535b0c4639365701931ee815982a0a0a60a,189
BRIDGE0d2f062c7baba3a5,K213938:component_status,K213938,K213938,SUBJECT_TO_ASSOCIATED_SOURCE_BRIDGE,https://www.accessdata.fda.gov/cdrh_docs/pdf21/K213938.pdf,SRC02113,e142ed5ee63f9cfa1e1dd5747c1cc2489df032b86e58cf1deeabc85ebcc5e620,34ea542ed92c0992ab3b348b0f94cd6002fa00e4d226d8c54b2a6e1c64d88d91,6,1270,1459,51894f0f2f03f285b8de778381276535b0c4639365701931ee815982a0a0a60a,51894f0f2f03f285b8de778381276535b0c4639365701931ee815982a0a0a60a,189
BRIDGEde76131701a99c2a,K213938:input,K213938,K213938,SUBJECT_TO_ASSOCIATED_SOURCE_BRIDGE,https://www.accessdata.fda.gov/cdrh_docs/pdf21/K213938.pdf,SRC02113,e142ed5ee63f9cfa1e1dd5747c1cc2489df032b86e58cf1deeabc85ebcc5e620,34ea542ed92c0992ab3b348b0f94cd6002fa00e4d226d8c54b2a6e1c64d88d91,6,1270,1459,51894f0f2f03f285b8de778381276535b0c4639365701931ee815982a0a0a60a,51894f0f2f03f285b8de778381276535b0c4639365701931ee815982a0a0a60a,189
BRIDGEa30dec78e9a47b6c,K213938:output,K213938,K213938,SUBJECT_SOURCE_ADDITIONAL_DETAIL,https://www.accessdata.fda.gov/cdrh_docs/pdf21/K213938.pdf,SRC02113,e142ed5ee63f9cfa1e1dd5747c1cc2489df032b86e58cf1deeabc85ebcc5e620,34ea542ed92c0992ab3b348b0f94cd6002fa00e4d226d8c54b2a6e1c64d88d91,6,1373,1459,0b761d1ef1eac9a3a5c63814343623437acd4662d3adfcb77d5b0a27582c60e6,0b761d1ef1eac9a3a5c63814343623437acd4662d3adfcb77d5b0a27582c60e6,86
BRIDGEd4db22fab41fd440,K213938:output,K213938,K213938,SUBJECT_TO_ASSOCIATED_SOURCE_BRIDGE,https://www.accessdata.fda.gov/cdrh_docs/pdf21/K213938.pdf,SRC02113,e142ed5ee63f9cfa1e1dd5747c1cc2489df032b86e58cf1deeabc85ebcc5e620,34ea542ed92c0992ab3b348b0f94cd6002fa00e4d226d8c54b2a6e1c64d88d91,6,1270,1459,51894f0f2f03f285b8de778381276535b0c4639365701931ee815982a0a0a60a,51894f0f2f03f285b8de778381276535b0c4639365701931ee815982a0a0a60a,189
BRIDGE78b91cf9ad081c75,K213938:setting,K213938,K213938,SUBJECT_TO_ASSOCIATED_SOURCE_BRIDGE,https://www.accessdata.fda.gov/cdrh_docs/pdf21/K213938.pdf,SRC02113,e142ed5ee63f9cfa1e1dd5747c1cc2489df032b86e58cf1deeabc85ebcc5e620,34ea542ed92c0992ab3b348b0f94cd6002fa00e4d226d8c54b2a6e1c64d88d91,6,1270,1459,51894f0f2f03f285b8de778381276535b0c4639365701931ee815982a0a0a60a,51894f0f2f03f285b8de778381276535b0c4639365701931ee815982a0a0a60a,189
BRIDGE6c1dd8aa52e5004d,K213938:user,K213938,K213938,SUBJECT_TO_ASSOCIATED_SOURCE_BRIDGE,https://www.accessdata.fda.gov/cdrh_docs/pdf21/K213938.pdf,SRC02113,e142ed5ee63f9cfa1e1dd5747c1cc2489df032b86e58cf1deeabc85ebcc5e620,34ea542ed92c0992ab3b348b0f94cd6002fa00e4d226d8c54b2a6e1c64d88d91,6,1270,1459,51894f0f2f03f285b8de778381276535b0c4639365701931ee815982a0a0a60a,51894f0f2f03f285b8de778381276535b0c4639365701931ee815982a0a0a60a,189
BRIDGE6588944d71842ed0,K220043:action,K220043,K220043,SUBJECT_TO_ASSOCIATED_SOURCE_BRIDGE,https://www.accessdata.fda.gov/cdrh_docs/pdf22/K220043.pdf,SRC02066,ba1b41018b8c876de97460a2dcc73aedad4927083b170f7cb4f083735f4d8951,91df2e69627578a2f43982fa46902f6ee19a94c3c99a691022ce7630405f6972,6,329,426,74c9bf9db41f91dc36bcc70ca829b1fe2f8567187dd200d6166850f06e3c2ccc,74c9bf9db41f91dc36bcc70ca829b1fe2f8567187dd200d6166850f06e3c2ccc,97
BRIDGE3b722b4c649576bf,K220043:action,K220043,K220043,SUBJECT_TO_ASSOCIATED_SOURCE_BRIDGE,https://www.accessdata.fda.gov/cdrh_docs/pdf22/K220043.pdf,SRC02066,ba1b41018b8c876de97460a2dcc73aedad4927083b170f7cb4f083735f4d8951,91df2e69627578a2f43982fa46902f6ee19a94c3c99a691022ce7630405f6972,6,1091,1141,93c77d05313443dc648a90aff0dce4907a140b141b1790d5fa177f80a1765ead,93c77d05313443dc648a90aff0dce4907a140b141b1790d5fa177f80a1765ead,50
BRIDGE68232cd39a1e0753,K220043:action,K220043,K220043,SUBJECT_TO_ASSOCIATED_SOURCE_BRIDGE,https://www.accessdata.fda.gov/cdrh_docs/pdf22/K220043.pdf,SRC02066,ba1b41018b8c876de97460a2dcc73aedad4927083b170f7cb4f083735f4d8951,91df2e69627578a2f43982fa46902f6ee19a94c3c99a691022ce7630405f6972,6,1384,1536,b3f20c265723397c4d53f90480b7042ebd8152b7310cc18124141b5119bc8c4b,b3f20c265723397c4d53f90480b7042ebd8152b7310cc18124141b5119bc8c4b,152
BRIDGEb219b8829dd002a6,K220043:action,K220043,K220043,SUBJECT_TO_ASSOCIATED_SOURCE_BRIDGE,https://www.accessdata.fda.gov/cdrh_docs/pdf22/K220043.pdf,SRC02066,ba1b41018b8c876de97460a2dcc73aedad4927083b170f7cb4f083735f4d8951,91df2e69627578a2f43982fa46902f6ee19a94c3c99a691022ce7630405f6972,6,1539,1704,b8fbad703bac93c5e6aa3f557d404f1c158166e186f01ff06d67b83b4feb127d,b8fbad703bac93c5e6aa3f557d404f1c158166e186f01ff06d67b83b4feb127d,165
BRIDGEea637b023454c63b,K220043:input,K220043,K220043,SUBJECT_TO_ASSOCIATED_SOURCE_BRIDGE,https://www.accessdata.fda.gov/cdrh_docs/pdf22/K220043.pdf,SRC02066,ba1b41018b8c876de97460a2dcc73aedad4927083b170f7cb4f083735f4d8951,91df2e69627578a2f43982fa46902f6ee19a94c3c99a691022ce7630405f6972,6,329,426,74c9bf9db41f91dc36bcc70ca829b1fe2f8567187dd200d6166850f06e3c2ccc,74c9bf9db41f91dc36bcc70ca829b1fe2f8567187dd200d6166850f06e3c2ccc,97
BRIDGE46d2d8fd7ce421db,K220043:input,K220043,K220043,SUBJECT_TO_ASSOCIATED_SOURCE_BRIDGE,https://www.accessdata.fda.gov/cdrh_docs/pdf22/K220043.pdf,SRC02066,ba1b41018b8c876de97460a2dcc73aedad4927083b170f7cb4f083735f4d8951,91df2e69627578a2f43982fa46902f6ee19a94c3c99a691022ce7630405f6972,6,1091,1141,93c77d05313443dc648a90aff0dce4907a140b141b1790d5fa177f80a1765ead,93c77d05313443dc648a90aff0dce4907a140b141b1790d5fa177f80a1765ead,50
BRIDGEe65df2979959e414,K220043:input,K220043,K220043,SUBJECT_TO_ASSOCIATED_SOURCE_BRIDGE,https://www.accessdata.fda.gov/cdrh_docs/pdf22/K220043.pdf,SRC02066,ba1b41018b8c876de97460a2dcc73aedad4927083b170f7cb4f083735f4d8951,91df2e69627578a2f43982fa46902f6ee19a94c3c99a691022ce7630405f6972,6,1384,1536,b3f20c265723397c4d53f90480b7042ebd8152b7310cc18124141b5119bc8c4b,b3f20c265723397c4d53f90480b7042ebd8152b7310cc18124141b5119bc8c4b,152
BRIDGE1fe51595a0e5fe19,K220043:input,K220043,K220043,SUBJECT_TO_ASSOCIATED_SOURCE_BRIDGE,https://www.accessdata.fda.gov/cdrh_docs/pdf22/K220043.pdf,SRC02066,ba1b41018b8c876de97460a2dcc73aedad4927083b170f7cb4f083735f4d8951,91df2e69627578a2f43982fa46902f6ee19a94c3c99a691022ce7630405f6972,6,1539,1704,b8fbad703bac93c5e6aa3f557d404f1c158166e186f01ff06d67b83b4feb127d,b8fbad703bac93c5e6aa3f557d404f1c158166e186f01ff06d67b83b4feb127d,165
BRIDGE1b20fde1ff41afa6,K220043:output,K220043,K220043,SUBJECT_TO_ASSOCIATED_SOURCE_BRIDGE,https://www.accessdata.fda.gov/cdrh_docs/pdf22/K220043.pdf,SRC02066,ba1b41018b8c876de97460a2dcc73aedad4927083b170f7cb4f083735f4d8951,91df2e69627578a2f43982fa46902f6ee19a94c3c99a691022ce7630405f6972,6,329,426,74c9bf9db41f91dc36bcc70ca829b1fe2f8567187dd200d6166850f06e3c2ccc,74c9bf9db41f91dc36bcc70ca829b1fe2f8567187dd200d6166850f06e3c2ccc,97
BRIDGEec35d562d8e474df,K220043:output,K220043,K220043,SUBJECT_TO_ASSOCIATED_SOURCE_BRIDGE,https://www.accessdata.fda.gov/cdrh_docs/pdf22/K220043.pdf,SRC02066,ba1b41018b8c876de97460a2dcc73aedad4927083b170f7cb4f083735f4d8951,91df2e69627578a2f43982fa46902f6ee19a94c3c99a691022ce7630405f6972,6,1091,1141,93c77d05313443dc648a90aff0dce4907a140b141b1790d5fa177f80a1765ead,93c77d05313443dc648a90aff0dce4907a140b141b1790d5fa177f80a1765ead,50
BRIDGEdfe93cf4e6d979aa,K220043:output,K220043,K220043,SUBJECT_TO_ASSOCIATED_SOURCE_BRIDGE,https://www.accessdata.fda.gov/cdrh_docs/pdf22/K220043.pdf,SRC02066,ba1b41018b8c876de97460a2dcc73aedad4927083b170f7cb4f083735f4d8951,91df2e69627578a2f43982fa46902f6ee19a94c3c99a691022ce7630405f6972,6,1384,1536,b3f20c265723397c4d53f90480b7042ebd8152b7310cc18124141b5119bc8c4b,b3f20c265723397c4d53f90480b7042ebd8152b7310cc18124141b5119bc8c4b,152
BRIDGEc1010c61a79b96b2,K220043:output,K220043,K220043,SUBJECT_TO_ASSOCIATED_SOURCE_BRIDGE,https://www.accessdata.fda.gov/cdrh_docs/pdf22/K220043.pdf,SRC02066,ba1b41018b8c876de97460a2dcc73aedad4927083b170f7cb4f083735f4d8951,91df2e69627578a2f43982fa46902f6ee19a94c3c99a691022ce7630405f6972,6,1539,1704,b8fbad703bac93c5e6aa3f557d404f1c158166e186f01ff06d67b83b4feb127d,b8fbad703bac93c5e6aa3f557d404f1c158166e186f01ff06d67b83b4feb127d,165
BRIDGE8e9fcc186e6fc1cb,K220141:component_status,K220141,K210645,INTERMEDIATE_SOURCE_CHAIN_BRIDGE,https://www.accessdata.fda.gov/cdrh_docs/pdf21/K210645.pdf,SRC02291,b30d02ffe7adcaf4405462ab6ccd003fa2da516007e9fb32c00a406072d5d332,17d0c35e85098d61c97c191d20a1a83bb32180c68de67f01693b0ed0428d03db,4,930,983,1a3eac5175d868dad25d8c97cfe65b091d31717cacc0f967f3eff1622322e05c,1a3eac5175d868dad25d8c97cfe65b091d31717cacc0f967f3eff1622322e05c,53
BRIDGE805e6bbcb268fc13,K220141:component_status,K220141,K210645,INTERMEDIATE_SOURCE_CHAIN_BRIDGE,https://www.accessdata.fda.gov/cdrh_docs/pdf21/K210645.pdf,SRC02291,b30d02ffe7adcaf4405462ab6ccd003fa2da516007e9fb32c00a406072d5d332,17d0c35e85098d61c97c191d20a1a83bb32180c68de67f01693b0ed0428d03db,5,3481,3570,54a33f317336c60091f03ed0c221ea39075f4aab1a4562c9c6ed2ddb7c14bb34,54a33f317336c60091f03ed0c221ea39075f4aab1a4562c9c6ed2ddb7c14bb34,89
BRIDGEf3b3be62b9d9e0f9,K220141:component_status,K220141,K211867,INTERMEDIATE_SOURCE_CHAIN_BRIDGE,https://www.accessdata.fda.gov/cdrh_docs/pdf21/K211867.pdf,SRC02241,381276da0f0fcf94718caa8d7873cf62eb9618cd23b08d8cb21f72f2d9624fb3,186abe47d4f1f3b9e710f0bba1c5678fee6cc200bd4935a6e2c3b15867c64054,6,904,949,87b03479a2f791f21b93936120d56635eb40b5cc1820aa2fe85c58a75fc850e9,87b03479a2f791f21b93936120d56635eb40b5cc1820aa2fe85c58a75fc850e9,45
BRIDGE8315d83179b85778,K220141:component_status,K220141,K211867,INTERMEDIATE_SOURCE_CHAIN_BRIDGE,https://www.accessdata.fda.gov/cdrh_docs/pdf21/K211867.pdf,SRC02241,381276da0f0fcf94718caa8d7873cf62eb9618cd23b08d8cb21f72f2d9624fb3,186abe47d4f1f3b9e710f0bba1c5678fee6cc200bd4935a6e2c3b15867c64054,7,1406,1487,8d38cb9a6fb3c859828189ce1b83534371d40eb3b4c2d346c5eb62dad6ced30e,8d38cb9a6fb3c859828189ce1b83534371d40eb3b4c2d346c5eb62dad6ced30e,81
BRIDGEf58ecfb1fb01b59f,K220141:component_status,K220141,K220141,SUBJECT_TO_ASSOCIATED_SOURCE_BRIDGE,https://www.accessdata.fda.gov/cdrh_docs/pdf22/K220141.pdf,SRC02058,0dcf87b4638204cfc12ff377396d322721aedd62a2a98db8d1a7c60eb62eb812,180ad86dd2627f17f4d549c85fc258f1c00e197d28f74c96923a602550a434e8,6,725,770,1b1c481f21011f8f3653880ec56dc00ba53be3d1a57deef053dd8fcff586b304,1b1c481f21011f8f3653880ec56dc00ba53be3d1a57deef053dd8fcff586b304,45
BRIDGE52269a3ddeb798e7,K220141:component_status,K220141,K220141,SUBJECT_TO_ASSOCIATED_SOURCE_BRIDGE,https://www.accessdata.fda.gov/cdrh_docs/pdf22/K220141.pdf,SRC02058,0dcf87b4638204cfc12ff377396d322721aedd62a2a98db8d1a7c60eb62eb812,180ad86dd2627f17f4d549c85fc258f1c00e197d28f74c96923a602550a434e8,7,2126,2207,8d38cb9a6fb3c859828189ce1b83534371d40eb3b4c2d346c5eb62dad6ced30e,8d38cb9a6fb3c859828189ce1b83534371d40eb3b4c2d346c5eb62dad6ced30e,81
BRIDGE705de1760f474405,K220141:input,K220141,K210645,INTERMEDIATE_SOURCE_CHAIN_BRIDGE,https://www.accessdata.fda.gov/cdrh_docs/pdf21/K210645.pdf,SRC02291,b30d02ffe7adcaf4405462ab6ccd003fa2da516007e9fb32c00a406072d5d332,17d0c35e85098d61c97c191d20a1a83bb32180c68de67f01693b0ed0428d03db,4,930,983,1a3eac5175d868dad25d8c97cfe65b091d31717cacc0f967f3eff1622322e05c,1a3eac5175d868dad25d8c97cfe65b091d31717cacc0f967f3eff1622322e05c,53
BRIDGEf39461332e095400,K220141:input,K220141,K210645,INTERMEDIATE_SOURCE_CHAIN_BRIDGE,https://www.accessdata.fda.gov/cdrh_docs/pdf21/K210645.pdf,SRC02291,b30d02ffe7adcaf4405462ab6ccd003fa2da516007e9fb32c00a406072d5d332,17d0c35e85098d61c97c191d20a1a83bb32180c68de67f01693b0ed0428d03db,5,3481,3570,54a33f317336c60091f03ed0c221ea39075f4aab1a4562c9c6ed2ddb7c14bb34,54a33f317336c60091f03ed0c221ea39075f4aab1a4562c9c6ed2ddb7c14bb34,89
BRIDGE2b38b53258639c6a,K220141:input,K220141,K211867,INTERMEDIATE_SOURCE_CHAIN_BRIDGE,https://www.accessdata.fda.gov/cdrh_docs/pdf21/K211867.pdf,SRC02241,381276da0f0fcf94718caa8d7873cf62eb9618cd23b08d8cb21f72f2d9624fb3,186abe47d4f1f3b9e710f0bba1c5678fee6cc200bd4935a6e2c3b15867c64054,6,904,949,87b03479a2f791f21b93936120d56635eb40b5cc1820aa2fe85c58a75fc850e9,87b03479a2f791f21b93936120d56635eb40b5cc1820aa2fe85c58a75fc850e9,45
BRIDGE75a4e685bb06dbc3,K220141:input,K220141,K211867,INTERMEDIATE_SOURCE_CHAIN_BRIDGE,https://www.accessdata.fda.gov/cdrh_docs/pdf21/K211867.pdf,SRC02241,381276da0f0fcf94718caa8d7873cf62eb9618cd23b08d8cb21f72f2d9624fb3,186abe47d4f1f3b9e710f0bba1c5678fee6cc200bd4935a6e2c3b15867c64054,7,1406,1487,8d38cb9a6fb3c859828189ce1b83534371d40eb3b4c2d346c5eb62dad6ced30e,8d38cb9a6fb3c859828189ce1b83534371d40eb3b4c2d346c5eb62dad6ced30e,81
BRIDGEcfaee546c1823513,K220141:input,K220141,K220141,SUBJECT_TO_ASSOCIATED_SOURCE_BRIDGE,https://www.accessdata.fda.gov/cdrh_docs/pdf22/K220141.pdf,SRC02058,0dcf87b4638204cfc12ff377396d322721aedd62a2a98db8d1a7c60eb62eb812,180ad86dd2627f17f4d549c85fc258f1c00e197d28f74c96923a602550a434e8,6,725,770,1b1c481f21011f8f3653880ec56dc00ba53be3d1a57deef053dd8fcff586b304,1b1c481f21011f8f3653880ec56dc00ba53be3d1a57deef053dd8fcff586b304,45
BRIDGE702b05a4b473864d,K220141:input,K220141,K220141,SUBJECT_TO_ASSOCIATED_SOURCE_BRIDGE,https://www.accessdata.fda.gov/cdrh_docs/pdf22/K220141.pdf,SRC02058,0dcf87b4638204cfc12ff377396d322721aedd62a2a98db8d1a7c60eb62eb812,180ad86dd2627f17f4d549c85fc258f1c00e197d28f74c96923a602550a434e8,7,2126,2207,8d38cb9a6fb3c859828189ce1b83534371d40eb3b4c2d346c5eb62dad6ced30e,8d38cb9a6fb3c859828189ce1b83534371d40eb3b4c2d346c5eb62dad6ced30e,81
BRIDGEd32a816a49108ba6,K220141:output,K220141,K210645,INTERMEDIATE_SOURCE_CHAIN_BRIDGE,https://www.accessdata.fda.gov/cdrh_docs/pdf21/K210645.pdf,SRC02291,b30d02ffe7adcaf4405462ab6ccd003fa2da516007e9fb32c00a406072d5d332,17d0c35e85098d61c97c191d20a1a83bb32180c68de67f01693b0ed0428d03db,4,930,983,1a3eac5175d868dad25d8c97cfe65b091d31717cacc0f967f3eff1622322e05c,1a3eac5175d868dad25d8c97cfe65b091d31717cacc0f967f3eff1622322e05c,53
BRIDGE25dbf4dc45dd6175,K220141:output,K220141,K210645,INTERMEDIATE_SOURCE_CHAIN_BRIDGE,https://www.accessdata.fda.gov/cdrh_docs/pdf21/K210645.pdf,SRC02291,b30d02ffe7adcaf4405462ab6ccd003fa2da516007e9fb32c00a406072d5d332,17d0c35e85098d61c97c191d20a1a83bb32180c68de67f01693b0ed0428d03db,5,3481,3570,54a33f317336c60091f03ed0c221ea39075f4aab1a4562c9c6ed2ddb7c14bb34,54a33f317336c60091f03ed0c221ea39075f4aab1a4562c9c6ed2ddb7c14bb34,89
BRIDGE8654eaf89dabb4f0,K220141:output,K220141,K211867,INTERMEDIATE_SOURCE_CHAIN_BRIDGE,https://www.accessdata.fda.gov/cdrh_docs/pdf21/K211867.pdf,SRC02241,381276da0f0fcf94718caa8d7873cf62eb9618cd23b08d8cb21f72f2d9624fb3,186abe47d4f1f3b9e710f0bba1c5678fee6cc200bd4935a6e2c3b15867c64054,6,904,949,87b03479a2f791f21b93936120d56635eb40b5cc1820aa2fe85c58a75fc850e9,87b03479a2f791f21b93936120d56635eb40b5cc1820aa2fe85c58a75fc850e9,45
BRIDGE35c1308c3b00d778,K220141:output,K220141,K211867,INTERMEDIATE_SOURCE_CHAIN_BRIDGE,https://www.accessdata.fda.gov/cdrh_docs/pdf21/K211867.pdf,SRC02241,381276da0f0fcf94718caa8d7873cf62eb9618cd23b08d8cb21f72f2d9624fb3,186abe47d4f1f3b9e710f0bba1c5678fee6cc200bd4935a6e2c3b15867c64054,7,1406,1487,8d38cb9a6fb3c859828189ce1b83534371d40eb3b4c2d346c5eb62dad6ced30e,8d38cb9a6fb3c859828189ce1b83534371d40eb3b4c2d346c5eb62dad6ced30e,81
BRIDGE2348b058a01eb86a,K220141:output,K220141,K220141,SUBJECT_TO_ASSOCIATED_SOURCE_BRIDGE,https://www.accessdata.fda.gov/cdrh_docs/pdf22/K220141.pdf,SRC02058,0dcf87b4638204cfc12ff377396d322721aedd62a2a98db8d1a7c60eb62eb812,180ad86dd2627f17f4d549c85fc258f1c00e197d28f74c96923a602550a434e8,6,725,770,1b1c481f21011f8f3653880ec56dc00ba53be3d1a57deef053dd8fcff586b304,1b1c481f21011f8f3653880ec56dc00ba53be3d1a57deef053dd8fcff586b304,45
BRIDGE6d73534e7de2fff2,K220141:output,K220141,K220141,SUBJECT_TO_ASSOCIATED_SOURCE_BRIDGE,https://www.accessdata.fda.gov/cdrh_docs/pdf22/K220141.pdf,SRC02058,0dcf87b4638204cfc12ff377396d322721aedd62a2a98db8d1a7c60eb62eb812,180ad86dd2627f17f4d549c85fc258f1c00e197d28f74c96923a602550a434e8,7,2126,2207,8d38cb9a6fb3c859828189ce1b83534371d40eb3b4c2d346c5eb62dad6ced30e,8d38cb9a6fb3c859828189ce1b83534371d40eb3b4c2d346c5eb62dad6ced30e,81
BRIDGEefcdfce6b7357742,K220141:user,K220141,K210645,INTERMEDIATE_SOURCE_CHAIN_BRIDGE,https://www.accessdata.fda.gov/cdrh_docs/pdf21/K210645.pdf,SRC02291,b30d02ffe7adcaf4405462ab6ccd003fa2da516007e9fb32c00a406072d5d332,17d0c35e85098d61c97c191d20a1a83bb32180c68de67f01693b0ed0428d03db,4,930,983,1a3eac5175d868dad25d8c97cfe65b091d31717cacc0f967f3eff1622322e05c,1a3eac5175d868dad25d8c97cfe65b091d31717cacc0f967f3eff1622322e05c,53
BRIDGE9dd40dcd0e4a39ce,K220141:user,K220141,K210645,INTERMEDIATE_SOURCE_CHAIN_BRIDGE,https://www.accessdata.fda.gov/cdrh_docs/pdf21/K210645.pdf,SRC02291,b30d02ffe7adcaf4405462ab6ccd003fa2da516007e9fb32c00a406072d5d332,17d0c35e85098d61c97c191d20a1a83bb32180c68de67f01693b0ed0428d03db,5,3481,3570,54a33f317336c60091f03ed0c221ea39075f4aab1a4562c9c6ed2ddb7c14bb34,54a33f317336c60091f03ed0c221ea39075f4aab1a4562c9c6ed2ddb7c14bb34,89
BRIDGE1d00e21090d33fdc,K220141:user,K220141,K211867,INTERMEDIATE_SOURCE_CHAIN_BRIDGE,https://www.accessdata.fda.gov/cdrh_docs/pdf21/K211867.pdf,SRC02241,381276da0f0fcf94718caa8d7873cf62eb9618cd23b08d8cb21f72f2d9624fb3,186abe47d4f1f3b9e710f0bba1c5678fee6cc200bd4935a6e2c3b15867c64054,6,904,949,87b03479a2f791f21b93936120d56635eb40b5cc1820aa2fe85c58a75fc850e9,87b03479a2f791f21b93936120d56635eb40b5cc1820aa2fe85c58a75fc850e9,45
BRIDGE3c85873dc935633c,K220141:user,K220141,K211867,INTERMEDIATE_SOURCE_CHAIN_BRIDGE,https://www.accessdata.fda.gov/cdrh_docs/pdf21/K211867.pdf,SRC02241,381276da0f0fcf94718caa8d7873cf62eb9618cd23b08d8cb21f72f2d9624fb3,186abe47d4f1f3b9e710f0bba1c5678fee6cc200bd4935a6e2c3b15867c64054,7,1406,1487,8d38cb9a6fb3c859828189ce1b83534371d40eb3b4c2d346c5eb62dad6ced30e,8d38cb9a6fb3c859828189ce1b83534371d40eb3b4c2d346c5eb62dad6ced30e,81
BRIDGE04bd204387677453,K220141:user,K220141,K220141,SUBJECT_TO_ASSOCIATED_SOURCE_BRIDGE,https://www.accessdata.fda.gov/cdrh_docs/pdf22/K220141.pdf,SRC02058,0dcf87b4638204cfc12ff377396d322721aedd62a2a98db8d1a7c60eb62eb812,180ad86dd2627f17f4d549c85fc258f1c00e197d28f74c96923a602550a434e8,6,725,770,1b1c481f21011f8f3653880ec56dc00ba53be3d1a57deef053dd8fcff586b304,1b1c481f21011f8f3653880ec56dc00ba53be3d1a57deef053dd8fcff586b304,45
BRIDGEa8bacbe34a79c30c,K220141:user,K220141,K220141,SUBJECT_TO_ASSOCIATED_SOURCE_BRIDGE,https://www.accessdata.fda.gov/cdrh_docs/pdf22/K220141.pdf,SRC02058,0dcf87b4638204cfc12ff377396d322721aedd62a2a98db8d1a7c60eb62eb812,180ad86dd2627f17f4d549c85fc258f1c00e197d28f74c96923a602550a434e8,7,2126,2207,8d38cb9a6fb3c859828189ce1b83534371d40eb3b4c2d346c5eb62dad6ced30e,8d38cb9a6fb3c859828189ce1b83534371d40eb3b4c2d346c5eb62dad6ced30e,81
BRIDGEd05751a2112fcb80,K221680:input,K221680,K221680,SUBJECT_SOURCE_ADDITIONAL_DETAIL,https://www.accessdata.fda.gov/cdrh_docs/pdf22/K221680.pdf,SRC01760,40d673d87f5bb035194261c65d8c3d389022d1a768d8dfb2e24896fdf7baa562,d5752a137cb57b919a5c2f944f44278d22e148b933d6614b5c153ded2bcfcf7d,7,1345,1580,d6bb38fe70e00ea0643668516c1665fb068e0192512355ad7920669e706c5fd0,d6bb38fe70e00ea0643668516c1665fb068e0192512355ad7920669e706c5fd0,235
BRIDGE04338bfed963745a,K221680:input,K221680,K221680,SUBJECT_TO_ASSOCIATED_SOURCE_BRIDGE,https://www.accessdata.fda.gov/cdrh_docs/pdf22/K221680.pdf,SRC01760,40d673d87f5bb035194261c65d8c3d389022d1a768d8dfb2e24896fdf7baa562,d5752a137cb57b919a5c2f944f44278d22e148b933d6614b5c153ded2bcfcf7d,7,294,611,0fc5c4ed80d7efeb4c8068b5cb7dbf5715451e61f5b1c4e6c1dc34b943690bf2,0fc5c4ed80d7efeb4c8068b5cb7dbf5715451e61f5b1c4e6c1dc34b943690bf2,317
BRIDGE1480cf0b579f12f2,K221680:input,K221680,K221680,SUBJECT_TO_ASSOCIATED_SOURCE_BRIDGE,https://www.accessdata.fda.gov/cdrh_docs/pdf22/K221680.pdf,SRC01760,40d673d87f5bb035194261c65d8c3d389022d1a768d8dfb2e24896fdf7baa562,d5752a137cb57b919a5c2f944f44278d22e148b933d6614b5c153ded2bcfcf7d,7,2013,2203,e6afc72b68e255cc8f37dc717b079dda00f55fea5c327d20ff7c90c955b8a09c,e6afc72b68e255cc8f37dc717b079dda00f55fea5c327d20ff7c90c955b8a09c,190
BRIDGE1fb43b55e14d887b,K221680:output,K221680,K221680,SUBJECT_TO_ASSOCIATED_SOURCE_BRIDGE,https://www.accessdata.fda.gov/cdrh_docs/pdf22/K221680.pdf,SRC01760,40d673d87f5bb035194261c65d8c3d389022d1a768d8dfb2e24896fdf7baa562,d5752a137cb57b919a5c2f944f44278d22e148b933d6614b5c153ded2bcfcf7d,7,294,611,0fc5c4ed80d7efeb4c8068b5cb7dbf5715451e61f5b1c4e6c1dc34b943690bf2,0fc5c4ed80d7efeb4c8068b5cb7dbf5715451e61f5b1c4e6c1dc34b943690bf2,317
BRIDGE9268da45fd5f0cfd,K221680:output,K221680,K221680,SUBJECT_TO_ASSOCIATED_SOURCE_BRIDGE,https://www.accessdata.fda.gov/cdrh_docs/pdf22/K221680.pdf,SRC01760,40d673d87f5bb035194261c65d8c3d389022d1a768d8dfb2e24896fdf7baa562,d5752a137cb57b919a5c2f944f44278d22e148b933d6614b5c153ded2bcfcf7d,7,2013,2203,e6afc72b68e255cc8f37dc717b079dda00f55fea5c327d20ff7c90c955b8a09c,e6afc72b68e255cc8f37dc717b079dda00f55fea5c327d20ff7c90c955b8a09c,190
BRIDGE8c1be9e1a45dd63f,K250543:action,K250543,K250543,SUBJECT_TO_ASSOCIATED_SOURCE_BRIDGE,https://www.accessdata.fda.gov/cdrh_docs/pdf25/K250543.pdf,SRC00577,ac4a4d4689bbaee46b35b694a000f684237fbe7c9507db132ee2cb3060fd220c,b79b22e8fe55501e59bf55d0799673b780c88099d7f4fad26be134c2460dfc7d,7,1496,1715,cae398e1145a552a34f4e3ccdb87e567461fbc6501b0e3a4bfb9220305e430e1,cae398e1145a552a34f4e3ccdb87e567461fbc6501b0e3a4bfb9220305e430e1,219
BRIDGE0616e6a2faf4e999,K250543:action,K250543,K250543,SUBJECT_TO_ASSOCIATED_SOURCE_BRIDGE,https://www.accessdata.fda.gov/cdrh_docs/pdf25/K250543.pdf,SRC00577,ac4a4d4689bbaee46b35b694a000f684237fbe7c9507db132ee2cb3060fd220c,b79b22e8fe55501e59bf55d0799673b780c88099d7f4fad26be134c2460dfc7d,7,1716,1900,d7bb779d71e539075269cdb60efd367476bdca6b9d90cb9b84b85baa800795eb,d7bb779d71e539075269cdb60efd367476bdca6b9d90cb9b84b85baa800795eb,184
BRIDGE712e356e63cbab82,K250543:input,K250543,K250543,SUBJECT_TO_ASSOCIATED_SOURCE_BRIDGE,https://www.accessdata.fda.gov/cdrh_docs/pdf25/K250543.pdf,SRC00577,ac4a4d4689bbaee46b35b694a000f684237fbe7c9507db132ee2cb3060fd220c,b79b22e8fe55501e59bf55d0799673b780c88099d7f4fad26be134c2460dfc7d,7,1496,1715,cae398e1145a552a34f4e3ccdb87e567461fbc6501b0e3a4bfb9220305e430e1,cae398e1145a552a34f4e3ccdb87e567461fbc6501b0e3a4bfb9220305e430e1,219
BRIDGEa6bde27d70d460db,K250543:input,K250543,K250543,SUBJECT_TO_ASSOCIATED_SOURCE_BRIDGE,https://www.accessdata.fda.gov/cdrh_docs/pdf25/K250543.pdf,SRC00577,ac4a4d4689bbaee46b35b694a000f684237fbe7c9507db132ee2cb3060fd220c,b79b22e8fe55501e59bf55d0799673b780c88099d7f4fad26be134c2460dfc7d,7,1716,1900,d7bb779d71e539075269cdb60efd367476bdca6b9d90cb9b84b85baa800795eb,d7bb779d71e539075269cdb60efd367476bdca6b9d90cb9b84b85baa800795eb,184
BRIDGE3f2cc5619f33b3fe,K250543:output,K250543,K250543,SUBJECT_TO_ASSOCIATED_SOURCE_BRIDGE,https://www.accessdata.fda.gov/cdrh_docs/pdf25/K250543.pdf,SRC00577,ac4a4d4689bbaee46b35b694a000f684237fbe7c9507db132ee2cb3060fd220c,b79b22e8fe55501e59bf55d0799673b780c88099d7f4fad26be134c2460dfc7d,7,1496,1715,cae398e1145a552a34f4e3ccdb87e567461fbc6501b0e3a4bfb9220305e430e1,cae398e1145a552a34f4e3ccdb87e567461fbc6501b0e3a4bfb9220305e430e1,219
BRIDGE634ff78cdfb0b17c,K250543:output,K250543,K250543,SUBJECT_TO_ASSOCIATED_SOURCE_BRIDGE,https://www.accessdata.fda.gov/cdrh_docs/pdf25/K250543.pdf,SRC00577,ac4a4d4689bbaee46b35b694a000f684237fbe7c9507db132ee2cb3060fd220c,b79b22e8fe55501e59bf55d0799673b780c88099d7f4fad26be134c2460dfc7d,7,1716,1900,d7bb779d71e539075269cdb60efd367476bdca6b9d90cb9b84b85baa800795eb,d7bb779d71e539075269cdb60efd367476bdca6b9d90cb9b84b85baa800795eb,184
BRIDGE8f1d5453caa9dd7f,K250877:component_status,K250877,K250877,SUBJECT_TO_ASSOCIATED_SOURCE_BRIDGE,https://www.accessdata.fda.gov/cdrh_docs/pdf25/K250877.pdf,SRC00519,a89ac1f6817d9abda5e46f00ee114e0185326790504e90f04a172721e7b477ac,a173846e4515fea32aeb7457f2d37a2ed986e84571d4cf4a5e0e6ab0e2d5de0f,6,1865,2114,22059130b33dc206dd8fa34fdbb762840c674c66bfb295ec41856156e0b458ab,22059130b33dc206dd8fa34fdbb762840c674c66bfb295ec41856156e0b458ab,249
BRIDGEec94b381ef13dbb6,K250877:component_status,K250877,K250877,SUBJECT_TO_ASSOCIATED_SOURCE_BRIDGE,https://www.accessdata.fda.gov/cdrh_docs/pdf25/K250877.pdf,SRC00519,a89ac1f6817d9abda5e46f00ee114e0185326790504e90f04a172721e7b477ac,a173846e4515fea32aeb7457f2d37a2ed986e84571d4cf4a5e0e6ab0e2d5de0f,6,2440,2492,f8146b7b569d20008e914341d4fc0438209c7dc578021c38a00207d63256a0ab,f8146b7b569d20008e914341d4fc0438209c7dc578021c38a00207d63256a0ab,52
BRIDGEa4faccd699b182a7,K251399:action,K251399,K251399,SUBJECT_TO_ASSOCIATED_SOURCE_BRIDGE,https://www.accessdata.fda.gov/cdrh_docs/pdf25/K251399.pdf,SRC00374,adc67a951f24b9cd75d61c79bc997e0636a5d4f159923a568c746dcc9022f105,d6dc105a1b73f6e501331f70529139b4b7a51f14c5e4f7f40794cda5163ca356,6,1234,1369,c7e941a890ec20326db0e436b8b99a1dd7ad66b72983938d469c6d3e256b0698,c7e941a890ec20326db0e436b8b99a1dd7ad66b72983938d469c6d3e256b0698,135
BRIDGEeaeb3a87d7c5cb58,K251399:input,K251399,K251399,SUBJECT_TO_ASSOCIATED_SOURCE_BRIDGE,https://www.accessdata.fda.gov/cdrh_docs/pdf25/K251399.pdf,SRC00374,adc67a951f24b9cd75d61c79bc997e0636a5d4f159923a568c746dcc9022f105,d6dc105a1b73f6e501331f70529139b4b7a51f14c5e4f7f40794cda5163ca356,6,1234,1369,c7e941a890ec20326db0e436b8b99a1dd7ad66b72983938d469c6d3e256b0698,c7e941a890ec20326db0e436b8b99a1dd7ad66b72983938d469c6d3e256b0698,135
BRIDGEd3d060a46fdeabb7,K251399:output,K251399,K251399,SUBJECT_TO_ASSOCIATED_SOURCE_BRIDGE,https://www.accessdata.fda.gov/cdrh_docs/pdf25/K251399.pdf,SRC00374,adc67a951f24b9cd75d61c79bc997e0636a5d4f159923a568c746dcc9022f105,d6dc105a1b73f6e501331f70529139b4b7a51f14c5e4f7f40794cda5163ca356,6,1234,1369,c7e941a890ec20326db0e436b8b99a1dd7ad66b72983938d469c6d3e256b0698,c7e941a890ec20326db0e436b8b99a1dd7ad66b72983938d469c6d3e256b0698,135
BRIDGEbbfd87ad4fd0f212,K251901:component_status,K251901,K251901,SUBJECT_TO_ASSOCIATED_SOURCE_BRIDGE,https://www.accessdata.fda.gov/cdrh_docs/pdf25/K251901.pdf,SRC00081,d6140dbf557dd13ce28b29eb06d80777de791c2178c1225e80b4257ac22b2dba,7845244be73ad781f2b52df492bd9ed7760a45c946773025681f08f5af49a180,5,1607,1893,457ea4dd3099442df2a09f2881a1450a3dd65aecff6dd308d4de3f97da458b41,457ea4dd3099442df2a09f2881a1450a3dd65aecff6dd308d4de3f97da458b41,286
BRIDGE91b6887a3d82a5de,K251901:input,K251901,K251901,SUBJECT_SOURCE_ADDITIONAL_DETAIL,https://www.accessdata.fda.gov/cdrh_docs/pdf25/K251901.pdf,SRC00081,d6140dbf557dd13ce28b29eb06d80777de791c2178c1225e80b4257ac22b2dba,7845244be73ad781f2b52df492bd9ed7760a45c946773025681f08f5af49a180,5,1651,1746,b82e5c6b9e9665ca50a15453e08a1d2b325c8e440e6c72a0cd70fef2ab6068a2,b82e5c6b9e9665ca50a15453e08a1d2b325c8e440e6c72a0cd70fef2ab6068a2,95
BRIDGE7c92cbb82aa2c704,K251901:input,K251901,K251901,SUBJECT_TO_ASSOCIATED_SOURCE_BRIDGE,https://www.accessdata.fda.gov/cdrh_docs/pdf25/K251901.pdf,SRC00081,d6140dbf557dd13ce28b29eb06d80777de791c2178c1225e80b4257ac22b2dba,7845244be73ad781f2b52df492bd9ed7760a45c946773025681f08f5af49a180,5,1607,1893,457ea4dd3099442df2a09f2881a1450a3dd65aecff6dd308d4de3f97da458b41,457ea4dd3099442df2a09f2881a1450a3dd65aecff6dd308d4de3f97da458b41,286
BRIDGE2d23601c5d5dc4e9,K251901:output,K251901,K251901,SUBJECT_SOURCE_ADDITIONAL_DETAIL,https://www.accessdata.fda.gov/cdrh_docs/pdf25/K251901.pdf,SRC00081,d6140dbf557dd13ce28b29eb06d80777de791c2178c1225e80b4257ac22b2dba,7845244be73ad781f2b52df492bd9ed7760a45c946773025681f08f5af49a180,5,1651,1746,b82e5c6b9e9665ca50a15453e08a1d2b325c8e440e6c72a0cd70fef2ab6068a2,b82e5c6b9e9665ca50a15453e08a1d2b325c8e440e6c72a0cd70fef2ab6068a2,95
BRIDGE3d78a8df3d8a2ccf,K251901:output,K251901,K251901,SUBJECT_TO_ASSOCIATED_SOURCE_BRIDGE,https://www.accessdata.fda.gov/cdrh_docs/pdf25/K251901.pdf,SRC00081,d6140dbf557dd13ce28b29eb06d80777de791c2178c1225e80b4257ac22b2dba,7845244be73ad781f2b52df492bd9ed7760a45c946773025681f08f5af49a180,5,1607,1893,457ea4dd3099442df2a09f2881a1450a3dd65aecff6dd308d4de3f97da458b41,457ea4dd3099442df2a09f2881a1450a3dd65aecff6dd308d4de3f97da458b41,286
BRIDGE4da8cf6a77f5fc33,K251901:setting,K251901,K251901,SUBJECT_TO_ASSOCIATED_SOURCE_BRIDGE,https://www.accessdata.fda.gov/cdrh_docs/pdf25/K251901.pdf,SRC00081,d6140dbf557dd13ce28b29eb06d80777de791c2178c1225e80b4257ac22b2dba,7845244be73ad781f2b52df492bd9ed7760a45c946773025681f08f5af49a180,5,1607,1893,457ea4dd3099442df2a09f2881a1450a3dd65aecff6dd308d4de3f97da458b41,457ea4dd3099442df2a09f2881a1450a3dd65aecff6dd308d4de3f97da458b41,286
BRIDGEb55621cc703fe074,K251901:user,K251901,K251901,SUBJECT_TO_ASSOCIATED_SOURCE_BRIDGE,https://www.accessdata.fda.gov/cdrh_docs/pdf25/K251901.pdf,SRC00081,d6140dbf557dd13ce28b29eb06d80777de791c2178c1225e80b4257ac22b2dba,7845244be73ad781f2b52df492bd9ed7760a45c946773025681f08f5af49a180,5,1607,1893,457ea4dd3099442df2a09f2881a1450a3dd65aecff6dd308d4de3f97da458b41,457ea4dd3099442df2a09f2881a1450a3dd65aecff6dd308d4de3f97da458b41,286
BRIDGEdd743851312f1130,K252371:action,K252371,K252371,SUBJECT_TO_ASSOCIATED_SOURCE_BRIDGE,https://www.accessdata.fda.gov/cdrh_docs/pdf25/K252371.pdf,SRC00344,9217815f19548f9b0d0a0f9120d949aa176e5623e9bd51f01b32cc53e8c19c8c,dfc0bdcb0e96f6d8f3e2f1026b9e23af1e30aadc9f49a553c824a79ec533aa55,6,638,911,0c0b694b0f4b3495d83807c87e8321f09f4c2965200ae225d3f2cff92dbf0d3a,0c0b694b0f4b3495d83807c87e8321f09f4c2965200ae225d3f2cff92dbf0d3a,273
BRIDGE45198643f4631cd8,K252371:action,K252371,K252371,SUBJECT_TO_ASSOCIATED_SOURCE_BRIDGE,https://www.accessdata.fda.gov/cdrh_docs/pdf25/K252371.pdf,SRC00344,9217815f19548f9b0d0a0f9120d949aa176e5623e9bd51f01b32cc53e8c19c8c,dfc0bdcb0e96f6d8f3e2f1026b9e23af1e30aadc9f49a553c824a79ec533aa55,8,352,501,ea4123000dd4bc4b1cf8251f452c218144f33805d62cdd51bdce6b7daf692659,ea4123000dd4bc4b1cf8251f452c218144f33805d62cdd51bdce6b7daf692659,149
BRIDGE0a645a546d9827af,K252371:component_status,K252371,K252371,SUBJECT_TO_ASSOCIATED_SOURCE_BRIDGE,https://www.accessdata.fda.gov/cdrh_docs/pdf25/K252371.pdf,SRC00344,9217815f19548f9b0d0a0f9120d949aa176e5623e9bd51f01b32cc53e8c19c8c,dfc0bdcb0e96f6d8f3e2f1026b9e23af1e30aadc9f49a553c824a79ec533aa55,6,638,911,0c0b694b0f4b3495d83807c87e8321f09f4c2965200ae225d3f2cff92dbf0d3a,0c0b694b0f4b3495d83807c87e8321f09f4c2965200ae225d3f2cff92dbf0d3a,273
BRIDGE321209f4426749cc,K252371:component_status,K252371,K252371,SUBJECT_TO_ASSOCIATED_SOURCE_BRIDGE,https://www.accessdata.fda.gov/cdrh_docs/pdf25/K252371.pdf,SRC00344,9217815f19548f9b0d0a0f9120d949aa176e5623e9bd51f01b32cc53e8c19c8c,dfc0bdcb0e96f6d8f3e2f1026b9e23af1e30aadc9f49a553c824a79ec533aa55,8,352,501,ea4123000dd4bc4b1cf8251f452c218144f33805d62cdd51bdce6b7daf692659,ea4123000dd4bc4b1cf8251f452c218144f33805d62cdd51bdce6b7daf692659,149
BRIDGE093edb51f2bb3aba,K252371:input,K252371,K252371,SUBJECT_TO_ASSOCIATED_SOURCE_BRIDGE,https://www.accessdata.fda.gov/cdrh_docs/pdf25/K252371.pdf,SRC00344,9217815f19548f9b0d0a0f9120d949aa176e5623e9bd51f01b32cc53e8c19c8c,dfc0bdcb0e96f6d8f3e2f1026b9e23af1e30aadc9f49a553c824a79ec533aa55,6,638,911,0c0b694b0f4b3495d83807c87e8321f09f4c2965200ae225d3f2cff92dbf0d3a,0c0b694b0f4b3495d83807c87e8321f09f4c2965200ae225d3f2cff92dbf0d3a,273
BRIDGE5f0c0c9a393975dc,K252371:input,K252371,K252371,SUBJECT_TO_ASSOCIATED_SOURCE_BRIDGE,https://www.accessdata.fda.gov/cdrh_docs/pdf25/K252371.pdf,SRC00344,9217815f19548f9b0d0a0f9120d949aa176e5623e9bd51f01b32cc53e8c19c8c,dfc0bdcb0e96f6d8f3e2f1026b9e23af1e30aadc9f49a553c824a79ec533aa55,8,352,501,ea4123000dd4bc4b1cf8251f452c218144f33805d62cdd51bdce6b7daf692659,ea4123000dd4bc4b1cf8251f452c218144f33805d62cdd51bdce6b7daf692659,149
BRIDGEde33ac4f38e6c87f,K252371:output,K252371,K252371,SUBJECT_TO_ASSOCIATED_SOURCE_BRIDGE,https://www.accessdata.fda.gov/cdrh_docs/pdf25/K252371.pdf,SRC00344,9217815f19548f9b0d0a0f9120d949aa176e5623e9bd51f01b32cc53e8c19c8c,dfc0bdcb0e96f6d8f3e2f1026b9e23af1e30aadc9f49a553c824a79ec533aa55,6,638,911,0c0b694b0f4b3495d83807c87e8321f09f4c2965200ae225d3f2cff92dbf0d3a,0c0b694b0f4b3495d83807c87e8321f09f4c2965200ae225d3f2cff92dbf0d3a,273
BRIDGE5e2c1c73460051fc,K252371:output,K252371,K252371,SUBJECT_TO_ASSOCIATED_SOURCE_BRIDGE,https://www.accessdata.fda.gov/cdrh_docs/pdf25/K252371.pdf,SRC00344,9217815f19548f9b0d0a0f9120d949aa176e5623e9bd51f01b32cc53e8c19c8c,dfc0bdcb0e96f6d8f3e2f1026b9e23af1e30aadc9f49a553c824a79ec533aa55,8,352,501,ea4123000dd4bc4b1cf8251f452c218144f33805d62cdd51bdce6b7daf692659,ea4123000dd4bc4b1cf8251f452c218144f33805d62cdd51bdce6b7daf692659,149
BRIDGEc00bbaa7a38f9401,K252992:action,K252992,K252992,SUBJECT_TO_ASSOCIATED_SOURCE_BRIDGE,https://www.accessdata.fda.gov/cdrh_docs/pdf25/K252992.pdf,SRC00032,863220939ff7bd1a7f2102642d92c0534ee8fa17e0e759d941b6082610ae2981,ad9b5f1744985ff839ef4296c22c0f0427a640366b50ad9f20f581f80ea60e9c,8,2318,2471,8fb21643f0541169b5d9d6ba5bf6b5bbefe5713100dace6511dcb3464e0dbdd3,8fb21643f0541169b5d9d6ba5bf6b5bbefe5713100dace6511dcb3464e0dbdd3,153
BRIDGE991715a050b6df2c,K252992:action,K252992,K252992,SUBJECT_TO_ASSOCIATED_SOURCE_BRIDGE,https://www.accessdata.fda.gov/cdrh_docs/pdf25/K252992.pdf,SRC00032,863220939ff7bd1a7f2102642d92c0534ee8fa17e0e759d941b6082610ae2981,ad9b5f1744985ff839ef4296c22c0f0427a640366b50ad9f20f581f80ea60e9c,10,266,379,4dcfb094dff76f193e935d74464e01e7be477b6b9b50829e4cc50ace64dafe91,4dcfb094dff76f193e935d74464e01e7be477b6b9b50829e4cc50ace64dafe91,113
BRIDGE7f109b458e7fca68,K252992:input,K252992,K252992,SUBJECT_TO_ASSOCIATED_SOURCE_BRIDGE,https://www.accessdata.fda.gov/cdrh_docs/pdf25/K252992.pdf,SRC00032,863220939ff7bd1a7f2102642d92c0534ee8fa17e0e759d941b6082610ae2981,ad9b5f1744985ff839ef4296c22c0f0427a640366b50ad9f20f581f80ea60e9c,8,2318,2471,8fb21643f0541169b5d9d6ba5bf6b5bbefe5713100dace6511dcb3464e0dbdd3,8fb21643f0541169b5d9d6ba5bf6b5bbefe5713100dace6511dcb3464e0dbdd3,153
BRIDGE11a48201c19438e2,K252992:input,K252992,K252992,SUBJECT_TO_ASSOCIATED_SOURCE_BRIDGE,https://www.accessdata.fda.gov/cdrh_docs/pdf25/K252992.pdf,SRC00032,863220939ff7bd1a7f2102642d92c0534ee8fa17e0e759d941b6082610ae2981,ad9b5f1744985ff839ef4296c22c0f0427a640366b50ad9f20f581f80ea60e9c,10,266,379,4dcfb094dff76f193e935d74464e01e7be477b6b9b50829e4cc50ace64dafe91,4dcfb094dff76f193e935d74464e01e7be477b6b9b50829e4cc50ace64dafe91,113
BRIDGE5b15cfb451e51669,K252992:output,K252992,K252992,SUBJECT_TO_ASSOCIATED_SOURCE_BRIDGE,https://www.accessdata.fda.gov/cdrh_docs/pdf25/K252992.pdf,SRC00032,863220939ff7bd1a7f2102642d92c0534ee8fa17e0e759d941b6082610ae2981,ad9b5f1744985ff839ef4296c22c0f0427a640366b50ad9f20f581f80ea60e9c,8,2318,2471,8fb21643f0541169b5d9d6ba5bf6b5bbefe5713100dace6511dcb3464e0dbdd3,8fb21643f0541169b5d9d6ba5bf6b5bbefe5713100dace6511dcb3464e0dbdd3,153
BRIDGE7b509d7cbd7b4d68,K252992:output,K252992,K252992,SUBJECT_TO_ASSOCIATED_SOURCE_BRIDGE,https://www.accessdata.fda.gov/cdrh_docs/pdf25/K252992.pdf,SRC00032,863220939ff7bd1a7f2102642d92c0534ee8fa17e0e759d941b6082610ae2981,ad9b5f1744985ff839ef4296c22c0f0427a640366b50ad9f20f581f80ea60e9c,10,266,379,4dcfb094dff76f193e935d74464e01e7be477b6b9b50829e4cc50ace64dafe91,4dcfb094dff76f193e935d74464e01e7be477b6b9b50829e4cc50ace64dafe91,113
BRIDGEb24e81f0296b629b,K253370:output,K253370,K253370,SUBJECT_TO_ASSOCIATED_SOURCE_BRIDGE,https://www.accessdata.fda.gov/cdrh_docs/pdf25/K253370.pdf,SRC00181,198bdfc224d3efb2b3364b08ccdc7e341a779606a93118ee02c70070f23469c3,b338d5bfb4d955d72a68156441f6807ca6c08ff0b2918aac65315a66bc41a7b2,7,1122,1183,ca8522a8c2c1eac488315ba93afa8b27185c036c791a049d495c36bcb677fe03,ca8522a8c2c1eac488315ba93afa8b27185c036c791a049d495c36bcb677fe03,61
BRIDGE5252e43244826e26,K253370:output,K253370,K253370,SUBJECT_TO_ASSOCIATED_SOURCE_BRIDGE,https://www.accessdata.fda.gov/cdrh_docs/pdf25/K253370.pdf,SRC00181,198bdfc224d3efb2b3364b08ccdc7e341a779606a93118ee02c70070f23469c3,b338d5bfb4d955d72a68156441f6807ca6c08ff0b2918aac65315a66bc41a7b2,7,1184,1389,8e7b821cd5fd9ad7e145b2af8919a4ad32155d166379330b77bee22a7527dc1a,8e7b821cd5fd9ad7e145b2af8919a4ad32155d166379330b77bee22a7527dc1a,205
BRIDGE57ab70f3f87e4be1,K253516:action,K253516,K253516,SUBJECT_SOURCE_ADDITIONAL_DETAIL,https://www.accessdata.fda.gov/cdrh_docs/pdf25/K253516.pdf,SRC00215,a8d19c9b3d773804202ab246391b63bdd8d880bc17db6be9ae66bfb00b27ef7d,7dd7cfe3de24b2e8345dce827c55ae900ab40d0e04d5ff2aef007965de15aaa5,6,140,334,45b216bf8c344a8e28348d575cecdd1deaa1ba248f8ba37d457502d650a51d07,45b216bf8c344a8e28348d575cecdd1deaa1ba248f8ba37d457502d650a51d07,194
BRIDGEedcce2f3638755ef,K253516:action,K253516,K253516,SUBJECT_TO_ASSOCIATED_SOURCE_BRIDGE,https://www.accessdata.fda.gov/cdrh_docs/pdf25/K253516.pdf,SRC00215,a8d19c9b3d773804202ab246391b63bdd8d880bc17db6be9ae66bfb00b27ef7d,7dd7cfe3de24b2e8345dce827c55ae900ab40d0e04d5ff2aef007965de15aaa5,7,1995,2304,7b7f0bd5d9988a75532055eccdad53e9cfcc4a29979e3bd323131870e05835cd,7b7f0bd5d9988a75532055eccdad53e9cfcc4a29979e3bd323131870e05835cd,309
BRIDGEcd97941d8de84071,K253516:component_status,K253516,K253516,SUBJECT_TO_ASSOCIATED_SOURCE_BRIDGE,https://www.accessdata.fda.gov/cdrh_docs/pdf25/K253516.pdf,SRC00215,a8d19c9b3d773804202ab246391b63bdd8d880bc17db6be9ae66bfb00b27ef7d,7dd7cfe3de24b2e8345dce827c55ae900ab40d0e04d5ff2aef007965de15aaa5,7,1995,2304,7b7f0bd5d9988a75532055eccdad53e9cfcc4a29979e3bd323131870e05835cd,7b7f0bd5d9988a75532055eccdad53e9cfcc4a29979e3bd323131870e05835cd,309
BRIDGE36923158f49f7c13,K253516:input,K253516,K253516,SUBJECT_SOURCE_ADDITIONAL_DETAIL,https://www.accessdata.fda.gov/cdrh_docs/pdf25/K253516.pdf,SRC00215,a8d19c9b3d773804202ab246391b63bdd8d880bc17db6be9ae66bfb00b27ef7d,7dd7cfe3de24b2e8345dce827c55ae900ab40d0e04d5ff2aef007965de15aaa5,6,1230,1360,2f56c860c77eb286a27aca337401db42f563694ee20f0241d2a5c6aedea1b2a1,2f56c860c77eb286a27aca337401db42f563694ee20f0241d2a5c6aedea1b2a1,130
BRIDGEc5c39647d9502224,K253516:input,K253516,K253516,SUBJECT_TO_ASSOCIATED_SOURCE_BRIDGE,https://www.accessdata.fda.gov/cdrh_docs/pdf25/K253516.pdf,SRC00215,a8d19c9b3d773804202ab246391b63bdd8d880bc17db6be9ae66bfb00b27ef7d,7dd7cfe3de24b2e8345dce827c55ae900ab40d0e04d5ff2aef007965de15aaa5,7,1995,2304,7b7f0bd5d9988a75532055eccdad53e9cfcc4a29979e3bd323131870e05835cd,7b7f0bd5d9988a75532055eccdad53e9cfcc4a29979e3bd323131870e05835cd,309
BRIDGE4fca5b21201e126c,K253516:output,K253516,K253516,SUBJECT_TO_ASSOCIATED_SOURCE_BRIDGE,https://www.accessdata.fda.gov/cdrh_docs/pdf25/K253516.pdf,SRC00215,a8d19c9b3d773804202ab246391b63bdd8d880bc17db6be9ae66bfb00b27ef7d,7dd7cfe3de24b2e8345dce827c55ae900ab40d0e04d5ff2aef007965de15aaa5,7,1995,2304,7b7f0bd5d9988a75532055eccdad53e9cfcc4a29979e3bd323131870e05835cd,7b7f0bd5d9988a75532055eccdad53e9cfcc4a29979e3bd323131870e05835cd,309
BRIDGE23f247b148b861e2,K253625:input,K253625,K253625,SUBJECT_TO_ASSOCIATED_SOURCE_BRIDGE,https://www.accessdata.fda.gov/cdrh_docs/pdf25/K253625.pdf,SRC00014,267880143c9e29a3f9403632ca1d98e64e9d01014ca7dff9078503ede1602c1d,dec44003f7f552e702eb36cae120fedd4af32b04140a45b979d7215ecc690f94,9,704,788,1498242105418701941c91fff1e72757efc7d19ea5a0f389ae0fb37cdd8f9f59,1498242105418701941c91fff1e72757efc7d19ea5a0f389ae0fb37cdd8f9f59,84
BRIDGEcfc094a509ec719e,K253625:output,K253625,K253625,SUBJECT_TO_ASSOCIATED_SOURCE_BRIDGE,https://www.accessdata.fda.gov/cdrh_docs/pdf25/K253625.pdf,SRC00014,267880143c9e29a3f9403632ca1d98e64e9d01014ca7dff9078503ede1602c1d,dec44003f7f552e702eb36cae120fedd4af32b04140a45b979d7215ecc690f94,9,704,788,1498242105418701941c91fff1e72757efc7d19ea5a0f389ae0fb37cdd8f9f59,1498242105418701941c91fff1e72757efc7d19ea5a0f389ae0fb37cdd8f9f59,84
BRIDGEf48c2f31fcd93d8d,K253779:output,K253779,K253779,SUBJECT_TO_ASSOCIATED_SOURCE_BRIDGE,https://www.accessdata.fda.gov/cdrh_docs/pdf25/K253779.pdf,SRC00132,7f3216a1e8628ea38665d08d9b9cdd5bcc6f77df4a7aa27c828b6d89217447dd,e7d29d44790dde6d34a0aad2d02038608bb8c813bd9a64fea8f5124828ca5769,6,1525,1663,85a4d4bce8b52212dea3613edbc9b9b3657602a319c16c2dea12e4798639a14a,85a4d4bce8b52212dea3613edbc9b9b3657602a319c16c2dea12e4798639a14a,138
BRIDGE1887454de9018a75,K253779:output,K253779,K253779,SUBJECT_TO_ASSOCIATED_SOURCE_BRIDGE,https://www.accessdata.fda.gov/cdrh_docs/pdf25/K253779.pdf,SRC00132,7f3216a1e8628ea38665d08d9b9cdd5bcc6f77df4a7aa27c828b6d89217447dd,e7d29d44790dde6d34a0aad2d02038608bb8c813bd9a64fea8f5124828ca5769,6,1664,1803,77e650d3b851ed11c526b3e88cce8079ea14289fe4ccb6d839149c7f0fd46c28,77e650d3b851ed11c526b3e88cce8079ea14289fe4ccb6d839149c7f0fd46c28,139
BRIDGE7bf07477b5eeaae6,K253779:output,K253779,K253779,SUBJECT_TO_ASSOCIATED_SOURCE_BRIDGE,https://www.accessdata.fda.gov/cdrh_docs/pdf25/K253779.pdf,SRC00132,7f3216a1e8628ea38665d08d9b9cdd5bcc6f77df4a7aa27c828b6d89217447dd,e7d29d44790dde6d34a0aad2d02038608bb8c813bd9a64fea8f5124828ca5769,6,1806,1930,2b6de67fab4f6dd3cb929180abbebfb1441535deeab0ce6ee2e8adcfdc06c579,2b6de67fab4f6dd3cb929180abbebfb1441535deeab0ce6ee2e8adcfdc06c579,124
BRIDGE1606e70416c2ab55,K260265:action,K260265,K260265,SUBJECT_TO_ASSOCIATED_SOURCE_BRIDGE,https://www.accessdata.fda.gov/cdrh_docs/pdf26/K260265.pdf,SRC00101,c3a655e0c3f63b4bc0b34997a1bad26df2f17172d84bb91b70414ad5b60080ac,c123665a428d6dd087b7603e8063752d37c2dd5a63831001d37d2340c2b4c4f6,7,1220,1404,8f8b362c45175d4558668f3d55ec35c8589c0f7f115a28d3c570864bdbffbbc3,8f8b362c45175d4558668f3d55ec35c8589c0f7f115a28d3c570864bdbffbbc3,184
BRIDGE644102bf52eb8a56,K260265:action,K260265,K260265,SUBJECT_TO_ASSOCIATED_SOURCE_BRIDGE,https://www.accessdata.fda.gov/cdrh_docs/pdf26/K260265.pdf,SRC00101,c3a655e0c3f63b4bc0b34997a1bad26df2f17172d84bb91b70414ad5b60080ac,c123665a428d6dd087b7603e8063752d37c2dd5a63831001d37d2340c2b4c4f6,8,440,574,86f077b357927dd79c2b7f70002c9053adfb9efb40b520d54379f7261b63e682,86f077b357927dd79c2b7f70002c9053adfb9efb40b520d54379f7261b63e682,134
BRIDGE1fce7c6e16fba178,K260265:output,K260265,K260265,SUBJECT_TO_ASSOCIATED_SOURCE_BRIDGE,https://www.accessdata.fda.gov/cdrh_docs/pdf26/K260265.pdf,SRC00101,c3a655e0c3f63b4bc0b34997a1bad26df2f17172d84bb91b70414ad5b60080ac,c123665a428d6dd087b7603e8063752d37c2dd5a63831001d37d2340c2b4c4f6,7,1220,1404,8f8b362c45175d4558668f3d55ec35c8589c0f7f115a28d3c570864bdbffbbc3,8f8b362c45175d4558668f3d55ec35c8589c0f7f115a28d3c570864bdbffbbc3,184
BRIDGEbae587b47122f481,K260265:output,K260265,K260265,SUBJECT_TO_ASSOCIATED_SOURCE_BRIDGE,https://www.accessdata.fda.gov/cdrh_docs/pdf26/K260265.pdf,SRC00101,c3a655e0c3f63b4bc0b34997a1bad26df2f17172d84bb91b70414ad5b60080ac,c123665a428d6dd087b7603e8063752d37c2dd5a63831001d37d2340c2b4c4f6,8,440,574,86f077b357927dd79c2b7f70002c9053adfb9efb40b520d54379f7261b63e682,86f077b357927dd79c2b7f70002c9053adfb9efb40b520d54379f7261b63e682,134
BRIDGE240d6aecabf91c08,K260673:component_status,K260673,K260673,SUBJECT_TO_ASSOCIATED_SOURCE_BRIDGE,https://www.accessdata.fda.gov/cdrh_docs/pdf26/K260673.pdf,SRC00030,bc62f0b3750db7c3fe96c6ad454480610babac5b7725a1de6514ab90ad3b24c5,71861f1502faba770f994c763619e1dedb2767265a944d00c6a8897a8bc95014,7,763,996,f886399848720a01dc0640e8c95c6b0c5eecfdeefd78d1f5afbc38314206d3a7,f886399848720a01dc0640e8c95c6b0c5eecfdeefd78d1f5afbc38314206d3a7,233
BRIDGEdb5fbf322ca08b68,K260673:component_status,K260673,K260673,SUBJECT_TO_ASSOCIATED_SOURCE_BRIDGE,https://www.accessdata.fda.gov/cdrh_docs/pdf26/K260673.pdf,SRC00030,bc62f0b3750db7c3fe96c6ad454480610babac5b7725a1de6514ab90ad3b24c5,71861f1502faba770f994c763619e1dedb2767265a944d00c6a8897a8bc95014,8,832,943,7cbe4f3e8e7fbe897b7c156fb2593f9b68c4cd1373bc2619370b63f1c32cd88a,7cbe4f3e8e7fbe897b7c156fb2593f9b68c4cd1373bc2619370b63f1c32cd88a,111
BRIDGE08865396cc75a66a,K260673:component_status,K260673,K260673,SUBJECT_TO_ASSOCIATED_SOURCE_BRIDGE,https://www.accessdata.fda.gov/cdrh_docs/pdf26/K260673.pdf,SRC00030,bc62f0b3750db7c3fe96c6ad454480610babac5b7725a1de6514ab90ad3b24c5,71861f1502faba770f994c763619e1dedb2767265a944d00c6a8897a8bc95014,9,886,1156,26fbebab79a89b99ce1f416f260ac11b38defd8949f9eed117b5b9a617fbb009,26fbebab79a89b99ce1f416f260ac11b38defd8949f9eed117b5b9a617fbb009,270
BRIDGE8336bcb40aab1060,K260673:input,K260673,K260673,SUBJECT_TO_ASSOCIATED_SOURCE_BRIDGE,https://www.accessdata.fda.gov/cdrh_docs/pdf26/K260673.pdf,SRC00030,bc62f0b3750db7c3fe96c6ad454480610babac5b7725a1de6514ab90ad3b24c5,71861f1502faba770f994c763619e1dedb2767265a944d00c6a8897a8bc95014,7,763,996,f886399848720a01dc0640e8c95c6b0c5eecfdeefd78d1f5afbc38314206d3a7,f886399848720a01dc0640e8c95c6b0c5eecfdeefd78d1f5afbc38314206d3a7,233
BRIDGE4bc53a671d7ef1d4,K260673:input,K260673,K260673,SUBJECT_TO_ASSOCIATED_SOURCE_BRIDGE,https://www.accessdata.fda.gov/cdrh_docs/pdf26/K260673.pdf,SRC00030,bc62f0b3750db7c3fe96c6ad454480610babac5b7725a1de6514ab90ad3b24c5,71861f1502faba770f994c763619e1dedb2767265a944d00c6a8897a8bc95014,8,832,943,7cbe4f3e8e7fbe897b7c156fb2593f9b68c4cd1373bc2619370b63f1c32cd88a,7cbe4f3e8e7fbe897b7c156fb2593f9b68c4cd1373bc2619370b63f1c32cd88a,111
BRIDGE8125e26349b9040a,K260673:input,K260673,K260673,SUBJECT_TO_ASSOCIATED_SOURCE_BRIDGE,https://www.accessdata.fda.gov/cdrh_docs/pdf26/K260673.pdf,SRC00030,bc62f0b3750db7c3fe96c6ad454480610babac5b7725a1de6514ab90ad3b24c5,71861f1502faba770f994c763619e1dedb2767265a944d00c6a8897a8bc95014,9,886,1156,26fbebab79a89b99ce1f416f260ac11b38defd8949f9eed117b5b9a617fbb009,26fbebab79a89b99ce1f416f260ac11b38defd8949f9eed117b5b9a617fbb009,270
BRIDGEd79902efb2080f69,K260673:output,K260673,K260673,SUBJECT_TO_ASSOCIATED_SOURCE_BRIDGE,https://www.accessdata.fda.gov/cdrh_docs/pdf26/K260673.pdf,SRC00030,bc62f0b3750db7c3fe96c6ad454480610babac5b7725a1de6514ab90ad3b24c5,71861f1502faba770f994c763619e1dedb2767265a944d00c6a8897a8bc95014,7,763,996,f886399848720a01dc0640e8c95c6b0c5eecfdeefd78d1f5afbc38314206d3a7,f886399848720a01dc0640e8c95c6b0c5eecfdeefd78d1f5afbc38314206d3a7,233
BRIDGEab2cce765916a517,K260673:output,K260673,K260673,SUBJECT_TO_ASSOCIATED_SOURCE_BRIDGE,https://www.accessdata.fda.gov/cdrh_docs/pdf26/K260673.pdf,SRC00030,bc62f0b3750db7c3fe96c6ad454480610babac5b7725a1de6514ab90ad3b24c5,71861f1502faba770f994c763619e1dedb2767265a944d00c6a8897a8bc95014,8,832,943,7cbe4f3e8e7fbe897b7c156fb2593f9b68c4cd1373bc2619370b63f1c32cd88a,7cbe4f3e8e7fbe897b7c156fb2593f9b68c4cd1373bc2619370b63f1c32cd88a,111
BRIDGEf2fa6da281b29d19,K260673:output,K260673,K260673,SUBJECT_TO_ASSOCIATED_SOURCE_BRIDGE,https://www.accessdata.fda.gov/cdrh_docs/pdf26/K260673.pdf,SRC00030,bc62f0b3750db7c3fe96c6ad454480610babac5b7725a1de6514ab90ad3b24c5,71861f1502faba770f994c763619e1dedb2767265a944d00c6a8897a8bc95014,9,886,1156,26fbebab79a89b99ce1f416f260ac11b38defd8949f9eed117b5b9a617fbb009,26fbebab79a89b99ce1f416f260ac11b38defd8949f9eed117b5b9a617fbb009,270
BRIDGEaca95ed3ff19e50b,K260746:action,K260746,K260746,SUBJECT_TO_ASSOCIATED_SOURCE_BRIDGE,https://www.accessdata.fda.gov/cdrh_docs/pdf26/K260746.pdf,SRC00016,15f2802f39cbcbf1a3dd15d8e81a875a9f64f18f8fde3dc13c3fbdbe6de0c986,bb84235a4fe19d39765b85520041b511ef1259e384505cdbcb75925eec70c1b5,5,1830,2087,0a1eb575ff60705768639d7cf332ecee913a535aef850514804307dc3fa666dd,0a1eb575ff60705768639d7cf332ecee913a535aef850514804307dc3fa666dd,257
BRIDGE621647a9181a6423,K260746:input,K260746,K260746,SUBJECT_TO_ASSOCIATED_SOURCE_BRIDGE,https://www.accessdata.fda.gov/cdrh_docs/pdf26/K260746.pdf,SRC00016,15f2802f39cbcbf1a3dd15d8e81a875a9f64f18f8fde3dc13c3fbdbe6de0c986,bb84235a4fe19d39765b85520041b511ef1259e384505cdbcb75925eec70c1b5,5,1830,2087,0a1eb575ff60705768639d7cf332ecee913a535aef850514804307dc3fa666dd,0a1eb575ff60705768639d7cf332ecee913a535aef850514804307dc3fa666dd,257
BRIDGE089407a07230d79e,K260746:output,K260746,K260746,SUBJECT_TO_ASSOCIATED_SOURCE_BRIDGE,https://www.accessdata.fda.gov/cdrh_docs/pdf26/K260746.pdf,SRC00016,15f2802f39cbcbf1a3dd15d8e81a875a9f64f18f8fde3dc13c3fbdbe6de0c986,bb84235a4fe19d39765b85520041b511ef1259e384505cdbcb75925eec70c1b5,5,1830,2087,0a1eb575ff60705768639d7cf332ecee913a535aef850514804307dc3fa666dd,0a1eb575ff60705768639d7cf332ecee913a535aef850514804307dc3fa666dd,257
BRIDGE554abe50f6b0d6c3,K260746:setting,K260746,K260746,SUBJECT_TO_ASSOCIATED_SOURCE_BRIDGE,https://www.accessdata.fda.gov/cdrh_docs/pdf26/K260746.pdf,SRC00016,15f2802f39cbcbf1a3dd15d8e81a875a9f64f18f8fde3dc13c3fbdbe6de0c986,bb84235a4fe19d39765b85520041b511ef1259e384505cdbcb75925eec70c1b5,5,1830,2087,0a1eb575ff60705768639d7cf332ecee913a535aef850514804307dc3fa666dd,0a1eb575ff60705768639d7cf332ecee913a535aef850514804307dc3fa666dd,257
BRIDGE2bf581440b06b49e,K260746:user,K260746,K260746,SUBJECT_TO_ASSOCIATED_SOURCE_BRIDGE,https://www.accessdata.fda.gov/cdrh_docs/pdf26/K260746.pdf,SRC00016,15f2802f39cbcbf1a3dd15d8e81a875a9f64f18f8fde3dc13c3fbdbe6de0c986,bb84235a4fe19d39765b85520041b511ef1259e384505cdbcb75925eec70c1b5,5,1830,2087,0a1eb575ff60705768639d7cf332ecee913a535aef850514804307dc3fa666dd,0a1eb575ff60705768639d7cf332ecee913a535aef850514804307dc3fa666dd,257
